CL,T1-38.9 m/s-LLT, , 
    -0.971597,    0.06626315, , 
   -0.9696253,    0.06611816, , 
   -0.9679393,    0.06594539, , 
   -0.9662699,    0.06577119, , 
   -0.9646942,    0.06558818, , 
    -0.963127,     0.0654043, , 
   -0.9615656,       0.06522, , 
   -0.9600083,    0.06503555, , 
   -0.9584533,    0.06485113, , 
   -0.9568998,    0.06466684, , 
   -0.9553456,    0.06448274, , 
   -0.9537909,    0.06429883, , 
   -0.9522364,    0.06411515, , 
   -0.9506816,    0.06393171, , 
   -0.9491265,    0.06374852, , 
   -0.9475716,    0.06356558, , 
   -0.9460167,    0.06338291, , 
   -0.9444618,     0.0632005, , 
   -0.9429029,    0.06301839, , 
    -0.941343,    0.06283652, , 
   -0.9397834,    0.06265491, , 
    -0.938224,    0.06247355, , 
   -0.9366641,    0.06229247, , 
   -0.9351032,    0.06211169, , 
   -0.9335424,    0.06193116, , 
   -0.9319812,    0.06175092, , 
   -0.9304645,    0.06156666, , 
   -0.9288809,    0.06138885, , 
   -0.9273059,    0.06121052, , 
   -0.9257359,      0.061032, , 
   -0.9241688,    0.06085349, , 
   -0.9226032,     0.0606751, , 
   -0.9210371,    0.06049691, , 
   -0.9195186,    0.06031464, , 
   -0.9179326,    0.06013872, , 
   -0.9163535,     0.0599623, , 
   -0.9147787,    0.05978569, , 
   -0.9132069,    0.05960908, , 
   -0.9116353,    0.05943261, , 
   -0.9100623,    0.05925636, , 
   -0.9084901,    0.05908031, , 
   -0.9069183,     0.0589045, , 
   -0.9053468,    0.05872894, , 
   -0.9037748,    0.05855365, , 
   -0.9022028,    0.05837862, , 
   -0.9006308,    0.05820386, , 
   -0.8990589,    0.05802937, , 
   -0.8974871,    0.05785515, , 
   -0.8959152,    0.05768121, , 
   -0.8943433,    0.05750754, , 
   -0.8927715,    0.05733414, , 
   -0.8911978,    0.05716105, , 
   -0.8896214,    0.05698826, , 
   -0.8880453,    0.05681574, , 
   -0.8864693,    0.05664347, , 
   -0.8848935,    0.05647148, , 
   -0.8833169,    0.05629978, , 
   -0.8817397,    0.05612838, , 
   -0.8802107,    0.05595311, , 
   -0.8786118,    0.05578405, , 
   -0.8770199,    0.05561456, , 
   -0.8754331,    0.05544491, , 
   -0.8738494,    0.05527527, , 
   -0.8723153,    0.05510168, , 
   -0.8707135,    0.05493412, , 
   -0.8691198,    0.05476605, , 
   -0.8675315,     0.0545978, , 
   -0.8659463,    0.05442956, , 
   -0.8644106,     0.0542574, , 
   -0.8628055,    0.05409125, , 
   -0.8612097,    0.05392458, , 
   -0.8596186,    0.05375775, , 
    -0.858029,    0.05359097, , 
   -0.8564399,    0.05342436, , 
   -0.8549003,    0.05325391, , 
   -0.8532921,    0.05308941, , 
   -0.8516932,    0.05292443, , 
   -0.8500996,    0.05275929, , 
    -0.848509,    0.05259418, , 
   -0.8469686,    0.05242523, , 
   -0.8453601,    0.05226215, , 
   -0.8437609,    0.05209858, , 
   -0.8421672,    0.05193485, , 
   -0.8405765,    0.05177114, , 
   -0.8390359,    0.05160364, , 
   -0.8374238,    0.05144203, , 
   -0.8358205,    0.05127995, , 
   -0.8342227,    0.05111769, , 
   -0.8326282,    0.05095546, , 
   -0.8310842,    0.05078946, , 
   -0.8294708,    0.05062927, , 
   -0.8278666,    0.05046861, , 
   -0.8262679,    0.05030779, , 
   -0.8247196,     0.0501432, , 
   -0.8231027,    0.04998431, , 
   -0.8214958,     0.0498249, , 
   -0.8198946,    0.04966532, , 
   -0.8183451,    0.04950193, , 
    -0.816727,    0.04934416, , 
    -0.815119,    0.04918588, , 
   -0.8135168,    0.04902744, , 
   -0.8119667,    0.04886521, , 
   -0.8103476,    0.04870857, , 
   -0.8087373,    0.04855147, , 
   -0.8071321,     0.0483942, , 
   -0.8055792,    0.04823318, , 
   -0.8039566,    0.04807775, , 
   -0.8023437,    0.04792184, , 
   -0.8007366,    0.04776577, , 
    -0.799182,    0.04760597, , 
   -0.7975592,    0.04745166, , 
   -0.7959465,    0.04729687, , 
   -0.7943393,    0.04714193, , 
   -0.7927843,    0.04698329, , 
   -0.7911612,    0.04683012, , 
   -0.7895481,    0.04667646, , 
   -0.7879407,    0.04652265, , 
   -0.7863858,    0.04636518, , 
   -0.7847614,    0.04621316, , 
    -0.783145,    0.04606073, , 
   -0.7815344,    0.04590816, , 
   -0.7799765,    0.04575194, , 
   -0.7783502,     0.0456011, , 
    -0.776734,    0.04544979, , 
   -0.7751226,    0.04529839, , 
   -0.7735639,    0.04514339, , 
   -0.7719366,    0.04499373, , 
    -0.770318,    0.04484368, , 
   -0.7687538,    0.04468992, , 
   -0.7671228,    0.04454134, , 
   -0.7655022,    0.04439225, , 
   -0.7639366,    0.04423944, , 
   -0.7623043,    0.04409174, , 
   -0.7606831,    0.04394353, , 
    -0.759117,    0.04379161, , 
   -0.7574841,    0.04364478, , 
   -0.7558602,    0.04349751, , 
   -0.7542424,    0.04335006, , 
   -0.7526782,    0.04319909, , 
    -0.751045,    0.04305332, , 
   -0.7494205,    0.04290719, , 
   -0.7478017,    0.04276092, , 
   -0.7462363,    0.04261118, , 
   -0.7446017,    0.04246661, , 
   -0.7429773,     0.0423216, , 
   -0.7414084,      0.042173, , 
    -0.739772,     0.0420294, , 
   -0.7381466,    0.04188533, , 
   -0.7365275,     0.0417411, , 
   -0.7349619,    0.04159344, , 
   -0.7333272,    0.04145088, , 
   -0.7317022,     0.0413079, , 
   -0.7300824,    0.04116483, , 
   -0.7285143,    0.04101845, , 
   -0.7268768,    0.04087713, , 
   -0.7252496,    0.04073538, , 
   -0.7236782,    0.04059012, , 
   -0.7220391,    0.04044977, , 
   -0.7204102,      0.040309, , 
   -0.7188373,    0.04016473, , 
   -0.7171971,     0.0400253, , 
   -0.7155667,    0.03988549, , 
   -0.7139921,     0.0397422, , 
   -0.7123497,    0.03960376, , 
    -0.710718,    0.03946486, , 
   -0.7091428,    0.03932249, , 
      -0.7075,    0.03918491, , 
   -0.7058684,    0.03904688, , 
    -0.704293,     0.0389054, , 
   -0.7026491,    0.03876872, , 
   -0.7010152,    0.03863165, , 
   -0.6994379,    0.03849115, , 
   -0.6977929,    0.03835538, , 
   -0.6961592,    0.03821916, , 
   -0.6945805,    0.03807964, , 
   -0.6929338,    0.03794483, , 
   -0.6912986,    0.03780957, , 
     -0.68972,    0.03767094, , 
   -0.6880735,    0.03753699, , 
   -0.6864383,    0.03740259, , 
   -0.6848598,    0.03726485, , 
   -0.6832133,    0.03713177, , 
   -0.6815782,    0.03699824, , 
   -0.6799997,     0.0368614, , 
   -0.6783532,    0.03672917, , 
   -0.6767171,    0.03659656, , 
   -0.6751374,    0.03646067, , 
   -0.6734882,    0.03632945, , 
   -0.6718505,     0.0361978, , 
   -0.6702697,    0.03606288, , 
   -0.6686207,    0.03593252, , 
   -0.6669831,    0.03580174, , 
   -0.6654015,    0.03566778, , 
   -0.6637517,    0.03553834, , 
   -0.6621134,    0.03540849, , 
   -0.6605307,    0.03527551, , 
   -0.6588784,    0.03514711, , 
   -0.6572371,    0.03501831, , 
   -0.6556529,     0.0348863, , 
   -0.6540003,    0.03475877, , 
   -0.6523592,    0.03463084, , 
   -0.6507752,    0.03449973, , 
   -0.6491221,    0.03437309, , 
   -0.6474801,    0.03424607, , 
   -0.6458944,    0.03411595, , 
   -0.6442402,    0.03399024, , 
   -0.6425975,    0.03386414, , 
    -0.641012,    0.03373491, , 
   -0.6393564,    0.03361017, , 
   -0.6377122,    0.03348505, , 
   -0.6361254,    0.03335683, , 
   -0.6344699,    0.03323297, , 
   -0.6328258,    0.03310872, , 
   -0.6312391,     0.0329814, , 
   -0.6295836,     0.0328584, , 
   -0.6279396,    0.03273503, , 
   -0.6263529,    0.03260862, , 
   -0.6246974,     0.0324865, , 
   -0.6230531,    0.03236402, , 
   -0.6214654,    0.03223857, , 
   -0.6198088,    0.03211739, , 
   -0.6181625,    0.03199592, , 
   -0.6165737,    0.03187146, , 
    -0.614916,    0.03175123, , 
   -0.6132698,    0.03163063, , 
    -0.611681,    0.03150707, , 
   -0.6100225,    0.03138779, , 
   -0.6083753,    0.03126815, , 
   -0.6067856,    0.03114557, , 
   -0.6051259,    0.03102726, , 
   -0.6034766,    0.03090866, , 
   -0.6018851,    0.03078714, , 
   -0.6002244,    0.03066977, , 
   -0.5985754,    0.03055205, , 
    -0.596984,    0.03043143, , 
    -0.595323,    0.03031496, , 
   -0.5936735,    0.03019814, , 
   -0.5920813,     0.0300785, , 
   -0.5904191,    0.02996298, , 
   -0.5887686,    0.02984712, , 
   -0.5871759,    0.02972842, , 
   -0.5855139,    0.02961377, , 
   -0.5838622,    0.02949889, , 
   -0.5822684,     0.0293812, , 
   -0.5806051,    0.02926754, , 
   -0.5789535,    0.02915355, , 
   -0.5773598,    0.02903677, , 
   -0.5756965,    0.02892399, , 
   -0.5740449,    0.02881089, , 
   -0.5724513,    0.02869502, , 
    -0.570788,    0.02858312, , 
   -0.5691364,     0.0284709, , 
   -0.5675423,    0.02835599, , 
   -0.5658781,    0.02824503, , 
   -0.5642255,    0.02813377, , 
   -0.5626299,    0.02801988, , 
   -0.5609646,     0.0279099, , 
    -0.559311,     0.0277996, , 
   -0.5577153,    0.02768664, , 
   -0.5560499,    0.02757755, , 
   -0.5543955,    0.02746821, , 
   -0.5527993,    0.02735623, , 
   -0.5511333,    0.02724807, , 
   -0.5494778,    0.02713974, , 
   -0.5478799,    0.02702882, , 
   -0.5462121,    0.02692171, , 
   -0.5446071,    0.02681177, , 
   -0.5429359,    0.02670542, , 
   -0.5412776,    0.02659874, , 
   -0.5396783,    0.02648943, , 
   -0.5380096,    0.02638386, , 
   -0.5364034,    0.02627552, , 
   -0.5347307,    0.02617077, , 
   -0.5330713,    0.02606566, , 
   -0.5314711,    0.02595797, , 
   -0.5298015,    0.02585395, , 
   -0.5281429,    0.02574974, , 
   -0.5265428,    0.02564302, , 
   -0.5248726,    0.02553997, , 
   -0.5232654,    0.02543421, , 
   -0.5215918,    0.02533192, , 
   -0.5199315,    0.02522929, , 
   -0.5183304,    0.02512416, , 
   -0.5166597,    0.02502262, , 
   -0.5150011,    0.02492081, , 
    -0.513401,    0.02481655, , 
   -0.5117302,    0.02471592, , 
   -0.5100711,    0.02461504, , 
   -0.5084705,    0.02451175, , 
   -0.5067985,    0.02441213, , 
   -0.5051895,     0.0243099, , 
    -0.503514,    0.02421104, , 
   -0.5018518,    0.02411186, , 
    -0.500249,    0.02401027, , 
    -0.498576,    0.02391223, , 
   -0.4969662,    0.02381161, , 
   -0.4952898,    0.02371432, , 
   -0.4936259,    0.02361682, , 
   -0.4920211,      0.023517, , 
   -0.4903464,    0.02342062, , 
   -0.4887353,     0.0233217, , 
   -0.4870574,    0.02322606, , 
   -0.4853928,    0.02313013, , 
   -0.4837878,    0.02303188, , 
   -0.4821129,    0.02293701, , 
   -0.4805011,    0.02283969, , 
   -0.4788223,    0.02274562, , 
   -0.4771569,    0.02265127, , 
   -0.4755513,    0.02255463, , 
   -0.4738756,    0.02246131, , 
   -0.4722629,    0.02236565, , 
    -0.470583,    0.02227319, , 
   -0.4689167,    0.02218044, , 
   -0.4673101,    0.02208547, , 
   -0.4656335,    0.02199376, , 
   -0.4640205,    0.02189967, , 
   -0.4623408,     0.0218087, , 
   -0.4606745,    0.02171745, , 
    -0.459068,    0.02162402, , 
   -0.4573914,     0.0215338, , 
   -0.4557777,    0.02144133, , 
   -0.4540971,    0.02135192, , 
     -0.45243,    0.02126225, , 
    -0.450822,    0.02117052, , 
   -0.4491437,    0.02108197, , 
   -0.4475292,    0.02099113, , 
   -0.4458479,     0.0209033, , 
     -0.44418,    0.02081523, , 
   -0.4425717,    0.02072511, , 
    -0.440893,    0.02063811, , 
   -0.4392777,    0.02054892, , 
   -0.4375951,    0.02046273, , 
    -0.435977,    0.02037436, , 
    -0.434293,    0.02028889, , 
   -0.4326743,    0.02020116, , 
   -0.4309897,    0.02011632, , 
   -0.4293707,    0.02002924, , 
    -0.427686,      0.019945, , 
    -0.426067,    0.01985854, , 
    -0.424382,    0.01977494, , 
   -0.4227107,    0.01969114, , 
   -0.4210997,    0.01960535, , 
   -0.4194185,    0.01952254, , 
   -0.4178015,     0.0194376, , 
   -0.4161169,    0.01935555, , 
   -0.4144972,    0.01927141, , 
   -0.4128113,    0.01919005, , 
   -0.4111395,    0.01910846, , 
    -0.409528,    0.01902495, , 
   -0.4078461,    0.01894434, , 
   -0.4062284,    0.01886168, , 
   -0.4045436,    0.01878177, , 
   -0.4029238,    0.01869982, , 
   -0.4012378,    0.01862057, , 
   -0.3995652,    0.01854118, , 
   -0.3979531,    0.01845992, , 
   -0.3962705,    0.01838148, , 
   -0.3946517,    0.01830113, , 
   -0.3929654,     0.0182235, , 
   -0.3913445,    0.01814387, , 
   -0.3896573,    0.01806688, , 
   -0.3880358,    0.01798788, , 
   -0.3863481,    0.01791154, , 
    -0.384726,    0.01783326, , 
   -0.3830376,    0.01775758, , 
   -0.3814151,    0.01767997, , 
    -0.379726,    0.01760502, , 
   -0.3781029,    0.01752812, , 
   -0.3764136,     0.0174538, , 
   -0.3747903,    0.01737755, , 
    -0.373101,    0.01730384, , 
   -0.3714777,    0.01722822, , 
   -0.3697883,    0.01715511, , 
   -0.3681648,    0.01708015, , 
   -0.3664747,    0.01700772, , 
   -0.3648509,    0.01693342, , 
   -0.3631609,     0.0168616, , 
   -0.3615371,    0.01678792, , 
   -0.3598469,    0.01671674, , 
   -0.3582223,     0.0166438, , 
   -0.3565316,     0.0165733, , 
   -0.3549072,    0.01650098, , 
   -0.3532165,    0.01643107, , 
    -0.351592,    0.01635939, , 
   -0.3499013,     0.0162901, , 
   -0.3482767,    0.01621904, , 
   -0.3465859,    0.01615035, , 
   -0.3449612,    0.01607994, , 
     -0.34327,    0.01601191, , 
    -0.341645,    0.01594216, , 
   -0.3399538,    0.01587474, , 
   -0.3383285,    0.01580566, , 
   -0.3366366,    0.01573894, , 
    -0.335011,    0.01567054, , 
   -0.3333192,    0.01560442, , 
   -0.3316936,    0.01553664, , 
   -0.3300016,    0.01547116, , 
   -0.3283754,    0.01540411, , 
   -0.3266829,    0.01533931, , 
   -0.3250568,    0.01527289, , 
   -0.3233637,    0.01520882, , 
   -0.3217368,    0.01514316, , 
   -0.3200435,    0.01507972, , 
   -0.3184166,     0.0150147, , 
   -0.3167233,    0.01495186, , 
   -0.3150965,    0.01488746, , 
   -0.3134032,    0.01482523, , 
   -0.3117762,    0.01476147, , 
   -0.3100824,    0.01469993, , 
    -0.308455,    0.01463685, , 
   -0.3067613,     0.0145759, , 
    -0.305134,    0.01451345, , 
   -0.3034402,    0.01445313, , 
   -0.3018123,    0.01439141, , 
   -0.3001179,    0.01433179, , 
     -0.29849,    0.01427071, , 
   -0.2967956,    0.01421171, , 
   -0.2951676,    0.01415126, , 
   -0.2934732,    0.01409286, , 
   -0.2918453,    0.01403303, , 
   -0.2901509,    0.01397523, , 
   -0.2885228,    0.01391606, , 
    -0.286828,    0.01385893, , 
   -0.2851997,    0.01380043, , 
   -0.2835049,     0.0137439, , 
   -0.2818765,    0.01368604, , 
   -0.2801811,    0.01363022, , 
   -0.2785523,    0.01357306, , 
    -0.276857,    0.01351784, , 
   -0.2752282,    0.01346131, , 
   -0.2735327,    0.01340675, , 
   -0.2719033,    0.01335095, , 
   -0.2702074,    0.01329706, , 
   -0.2685782,    0.01324188, , 
   -0.2668818,     0.0131887, , 
   -0.2652519,    0.01313429, , 
   -0.2635553,    0.01308176, , 
   -0.2619255,    0.01302798, , 
    -0.260229,    0.01297606, , 
   -0.2585991,    0.01292291, , 
   -0.2569026,    0.01287159, , 
   -0.2552727,    0.01281908, , 
   -0.2535757,    0.01276845, , 
   -0.2519454,    0.01271664, , 
   -0.2502485,    0.01266661, , 
   -0.2486182,    0.01261543, , 
   -0.2469213,    0.01256601, , 
   -0.2452905,    0.01251557, , 
    -0.243593,    0.01246689, , 
   -0.2419622,    0.01241708, , 
   -0.2402648,      0.012369, , 
    -0.238634,    0.01231982, , 
   -0.2369366,    0.01227235, , 
   -0.2353058,     0.0122238, , 
   -0.2336084,    0.01217693, , 
   -0.2319775,    0.01212903, , 
   -0.2302797,    0.01208284, , 
   -0.2286487,     0.0120356, , 
   -0.2269509,    0.01199001, , 
   -0.2253198,    0.01194341, , 
   -0.2236215,    0.01189854, , 
   -0.2219901,    0.01185266, , 
   -0.2202918,    0.01180839, , 
   -0.2186604,    0.01176315, , 
    -0.216962,    0.01171954, , 
   -0.2153301,    0.01167503, , 
   -0.2136314,    0.01163208, , 
   -0.2119996,     0.0115882, , 
   -0.2103006,    0.01154596, , 
   -0.2086682,    0.01150285, , 
    -0.206969,    0.01146128, , 
   -0.2053367,     0.0114188, , 
   -0.2036375,    0.01137783, , 
   -0.2020052,    0.01133598, , 
    -0.200306,    0.01129562, , 
   -0.1986737,    0.01125441, , 
   -0.1969742,    0.01121473, , 
   -0.1953416,    0.01117422, , 
    -0.193642,    0.01113517, , 
   -0.1920093,     0.0110953, , 
   -0.1903097,    0.01105686, , 
   -0.1886768,     0.0110177, , 
   -0.1869768,    0.01097998, , 
   -0.1853438,    0.01094148, , 
   -0.1836438,    0.01090437, , 
   -0.1820108,     0.0108665, , 
   -0.1803109,    0.01082999, , 
   -0.1786779,    0.01079276, , 
   -0.1769779,    0.01075686, , 
   -0.1753448,    0.01072029, , 
   -0.1736445,    0.01068507, , 
   -0.1720113,    0.01064916, , 
    -0.170311,    0.01061455, , 
   -0.1686778,    0.01057927, , 
   -0.1669772,    0.01054534, , 
   -0.1653437,    0.01051078, , 
   -0.1636431,    0.01047749, , 
   -0.1620096,    0.01044357, , 
   -0.1603088,    0.01041093, , 
   -0.1586749,    0.01037774, , 
    -0.156974,    0.01034576, , 
   -0.1553402,    0.01031321, , 
    -0.153639,    0.01028191, , 
   -0.1520048,    0.01025012, , 
   -0.1503035,    0.01021952, , 
   -0.1486693,    0.01018835, , 
   -0.1469681,    0.01015836, , 
   -0.1453339,    0.01012783, , 
   -0.1436326,    0.01009844, , 
   -0.1419985,    0.01006853, , 
   -0.1402969,    0.01003984, , 
   -0.1386624,    0.01001067, , 
   -0.1369608,   0.009982592, , 
   -0.1353263,   0.009954047, , 
   -0.1336247,   0.009926583, , 
   -0.1319902,   0.009898711, , 
   -0.1302883,   0.009871967, , 
   -0.1286536,    0.00984479, , 
   -0.1269517,   0.009818659, , 
    -0.125317,   0.009792117, , 
   -0.1236151,   0.009766595, , 
   -0.1219804,   0.009740684, , 
   -0.1202785,   0.009715771, , 
   -0.1186437,    0.00969052, , 
   -0.1169416,   0.009666279, , 
   -0.1153067,   0.009641691, , 
   -0.1136046,    0.00961806, , 
   -0.1119697,   0.009594102, , 
   -0.1102676,   0.009571128, , 
   -0.1086324,   0.009547897, , 
   -0.1069301,   0.009525584, , 
   -0.1052949,    0.00950301, , 
   -0.1035924,   0.009481353, , 
   -0.1019571,   0.009459477, , 
   -0.1002546,    0.00943849, , 
  -0.09861914,   0.009417282, , 
   -0.0969165,   0.009396943, , 
  -0.09528092,   0.009376483, , 
  -0.09357813,   0.009356863, , 
  -0.09194258,   0.009337034, , 
   -0.0902398,   0.009318024, , 
  -0.08860424,   0.009298831, , 
  -0.08690141,   0.009280445, , 
  -0.08526582,   0.009261894, , 
  -0.08356285,   0.009244172, , 
  -0.08192706,   0.009226332, , 
  -0.08022404,   0.009209248, , 
  -0.07858826,   0.009192041, , 
  -0.07688523,   0.009175571, , 
  -0.07524944,   0.009159012, , 
  -0.07354624,   0.009143263, , 
  -0.07191032,   0.009127428, , 
  -0.07020714,   0.009112289, , 
  -0.06857123,   0.009097085, , 
  -0.06686806,   0.009082556, , 
  -0.06523215,   0.009067985, , 
  -0.06352898,   0.009054066, , 
    -0.061893,   0.009040155, , 
  -0.06018966,   0.009026911, , 
   -0.0585536,   0.009013666, , 
  -0.05685027,   0.009001033, , 
  -0.05521422,    0.00898842, , 
  -0.05351087,   0.008976416, , 
  -0.05187469,   0.008964528, , 
  -0.05017124,   0.008953211, , 
  -0.04853497,   0.008941994, , 
   -0.0468314,   0.008931332, , 
  -0.04519512,   0.008920786, , 
  -0.04349149,   0.008910805, , 
  -0.04185512,   0.008900939, , 
  -0.04015146,   0.008891585, , 
  -0.03851504,   0.008882442, , 
   -0.0368113,   0.008873811, , 
  -0.03517485,    0.00886533, , 
  -0.03347106,   0.008857331, , 
   -0.0318346,   0.008849491, , 
  -0.03013082,   0.008842102, , 
  -0.02849435,   0.008834899, , 
   -0.0267905,   0.008828163, , 
  -0.02515391,   0.008821672, , 
     -0.02345,    0.00881559, , 
  -0.02181343,   0.008809731, , 
  -0.02010952,    0.00880426, , 
  -0.01847295,   0.008799034, , 
  -0.01676898,   0.008794265, , 
  -0.01513234,   0.008789773, , 
  -0.01342837,   0.008785629, , 
  -0.01179174,   0.008781769, , 
  -0.01008777,   0.008778236, , 
 -0.008451136,   0.008775008, , 
 -0.006747169,   0.008772086, , 
   -0.0051105,   0.008769516, , 
 -0.003406443,   0.008767266, , 
 -0.001769732,   0.008765363, , 
-6.568215e-05,   0.008763723, , 
  0.001571025,   0.008762453, , 
  0.003275071,   0.008761424, , 
  0.004911843,   0.008760871, , 
  0.006615977,   0.008760558, , 
   0.00825281,   0.008760688, , 
  0.009956989,   0.008761021, , 
   0.01159381,   0.008761807, , 
     0.013298,   0.008762834, , 
   0.01493484,   0.008764312, , 
   0.01663903,   0.008765952, , 
   0.01827585,   0.008768126, , 
   0.01998001,    0.00877049, , 
   0.02161681,   0.008773341, , 
   0.02332097,   0.008776315, , 
   0.02495778,   0.008779799, , 
   0.02666194,   0.008783384, , 
   0.02829875,   0.008787501, , 
   0.03000292,   0.008791716, , 
   0.03163979,   0.008796541, , 
     0.033344,   0.008801427, , 
   0.03498086,   0.008806885, , 
   0.03668507,   0.008812381, , 
   0.03832193,   0.008818471, , 
   0.04002612,   0.008824641, , 
   0.04166294,   0.008831463, , 
   0.04336712,   0.008838284, , 
   0.04500395,   0.008845739, , 
   0.04670813,   0.008853171, , 
   0.04834496,   0.008861259, , 
   0.05004914,   0.008869302, , 
   0.05168599,   0.008878046, , 
   0.05339023,   0.008886762, , 
    0.0550271,   0.008896175, , 
   0.05673134,   0.008905501, , 
   0.05836821,   0.008915547, , 
   0.06007244,   0.008925485, , 
   0.06170929,   0.008936216, , 
   0.06341351,   0.008946878, , 
   0.06505039,   0.008958317, , 
   0.06675462,   0.008969609, , 
   0.06839149,   0.008981703, , 
   0.07009567,   0.008993689, , 
   0.07173252,   0.009006497, , 
   0.07343673,   0.009019118, , 
   0.07507354,   0.009032593, , 
    0.0767776,   0.009045929, , 
   0.07841432,   0.009060102, , 
    0.0801184,   0.009074049, , 
   0.08175513,   0.009088855, , 
   0.08345921,   0.009103412, , 
   0.08509594,   0.009118851, , 
   0.08680002,   0.009134022, , 
   0.08843673,   0.009150167, , 
   0.09014078,   0.009166024, , 
   0.09177749,   0.009182802, , 
   0.09348155,    0.00919927, , 
   0.09511826,    0.00921668, , 
   0.09682228,   0.009233792, , 
   0.09845886,   0.009251931, , 
    0.1001628,   0.009269719, , 
    0.1017994,   0.009288491, , 
    0.1035033,    0.00930689, , 
    0.1051399,   0.009326293, , 
    0.1068438,   0.009345303, , 
    0.1084804,   0.009365359, , 
    0.1101844,   0.009385038, , 
    0.1118209,   0.009405764, , 
    0.1135248,   0.009426054, , 
    0.1151614,   0.009447412, , 
    0.1168653,   0.009468312, , 
    0.1185019,   0.009490332, , 
    0.1202057,   0.009511971, , 
    0.1218421,   0.009534728, , 
    0.1235459,   0.009556993, , 
    0.1251824,   0.009580419, , 
     0.126886,   0.009603383, , 
    0.1285224,   0.009627494, , 
     0.130226,   0.009651068, , 
    0.1318624,   0.009675822, , 
    0.1335658,    0.00970011, , 
    0.1352019,   0.009725584, , 
    0.1369054,   0.009750482, , 
    0.1385415,   0.009776588, , 
    0.1402449,   0.009802096, , 
    0.1418811,   0.009828834, , 
    0.1435845,   0.009854952, , 
    0.1452206,   0.009882379, , 
     0.146924,    0.00990918, , 
      0.14856,   0.009937252, , 
    0.1502634,   0.009964663, , 
    0.1518994,   0.009993367, , 
    0.1536028,     0.0100214, , 
    0.1552386,    0.01005082, , 
    0.1569417,    0.01007955, , 
    0.1585776,    0.01010961, , 
    0.1602807,    0.01013895, , 
    0.1619166,    0.01016964, , 
    0.1636197,    0.01019958, , 
    0.1652556,    0.01023092, , 
    0.1669587,    0.01026154, , 
    0.1685945,    0.01029355, , 
    0.1702975,    0.01032478, , 
    0.1719333,    0.01035743, , 
    0.1736364,    0.01038927, , 
    0.1752722,    0.01042255, , 
     0.176975,    0.01045513, , 
    0.1786105,    0.01048918, , 
    0.1803133,    0.01052238, , 
    0.1819488,    0.01055708, , 
    0.1836514,    0.01059096, , 
    0.1852868,    0.01062634, , 
    0.1869894,    0.01066083, , 
    0.1886248,    0.01069684, , 
     0.190327,    0.01073202, , 
    0.1919621,    0.01076876, , 
    0.1936643,    0.01080457, , 
    0.1952994,    0.01084193, , 
    0.1970016,    0.01087835, , 
    0.1986367,    0.01091634, , 
     0.200339,    0.01095337, , 
     0.201974,    0.01099204, , 
    0.2036761,    0.01102974, , 
     0.205311,    0.01106907, , 
    0.2070131,    0.01110739, , 
     0.208648,    0.01114735, , 
    0.2103501,    0.01118628, , 
    0.2119848,    0.01122694, , 
    0.2136866,    0.01126657, , 
    0.2153212,    0.01130788, , 
     0.217023,    0.01134811, , 
    0.2186577,    0.01139005, , 
    0.2203595,     0.0114309, , 
    0.2219941,    0.01147349, , 
    0.2236958,    0.01151501, , 
    0.2253303,    0.01155826, , 
     0.227032,    0.01160039, , 
    0.2286665,    0.01164428, , 
    0.2303682,    0.01168702, , 
    0.2320026,    0.01173157, , 
     0.233704,    0.01177503, , 
    0.2353381,    0.01182031, , 
    0.2370393,    0.01186441, , 
    0.2386735,    0.01191035, , 
    0.2403745,     0.0119551, , 
    0.2420085,    0.01200171, , 
    0.2437095,    0.01204708, , 
    0.2453434,    0.01209432, , 
    0.2470441,    0.01214037, , 
    0.2486776,    0.01218832, , 
    0.2503782,      0.012235, , 
    0.2520117,    0.01228359, , 
    0.2537123,    0.01233087, , 
    0.2553459,    0.01238009, , 
    0.2570465,    0.01242798, , 
      0.25868,    0.01247785, , 
    0.2603803,    0.01252643, , 
    0.2620136,    0.01257697, , 
     0.263714,    0.01262615, , 
    0.2653473,    0.01267732, , 
    0.2670477,     0.0127271, , 
    0.2686808,    0.01277895, , 
    0.2703807,    0.01282944, , 
    0.2720137,    0.01288195, , 
    0.2737136,    0.01293304, , 
    0.2753466,    0.01298619, , 
    0.2770465,    0.01303789, , 
    0.2786794,    0.01309167, , 
    0.2803792,    0.01314404, , 
     0.282012,    0.01319849, , 
    0.2837117,    0.01325148, , 
    0.2853445,    0.01330657, , 
    0.2870442,    0.01336016, , 
    0.2886768,    0.01341592, , 
    0.2903762,     0.0134702, , 
    0.2920085,    0.01352667, , 
    0.2937076,    0.01358162, , 
    0.2953398,    0.01363874, , 
    0.2970388,    0.01369432, , 
    0.2986707,    0.01375211, , 
    0.3003696,    0.01380831, , 
    0.3020016,    0.01386673, , 
    0.3037001,    0.01392359, , 
    0.3053315,    0.01398272, , 
    0.3070298,    0.01404023, , 
    0.3086613,    0.01409999, , 
    0.3103596,     0.0141581, , 
    0.3119911,    0.01421849, , 
    0.3136894,     0.0142772, , 
    0.3153209,    0.01433823, , 
    0.3170189,    0.01439762, , 
    0.3186501,    0.01445933, , 
    0.3203481,    0.01451932, , 
    0.3219793,    0.01458166, , 
    0.3236773,    0.01464227, , 
    0.3253084,    0.01470526, , 
    0.3270058,    0.01476655, , 
    0.3286365,    0.01483022, , 
     0.330334,    0.01489212, , 
    0.3319647,    0.01495642, , 
    0.3336622,    0.01501892, , 
    0.3352929,    0.01508386, , 
    0.3369901,    0.01514704, , 
    0.3386206,    0.01521265, , 
    0.3403178,    0.01527643, , 
    0.3419483,    0.01534268, , 
    0.3436455,    0.01540706, , 
    0.3452759,    0.01547397, , 
    0.3469728,    0.01553902, , 
    0.3486026,    0.01560664, , 
    0.3502991,    0.01567237, , 
    0.3519289,    0.01574062, , 
    0.3536252,    0.01580697, , 
    0.3552547,    0.01587588, , 
    0.3569509,    0.01594286, , 
    0.3585804,     0.0160124, , 
    0.3602763,    0.01608001, , 
    0.3619052,    0.01615025, , 
    0.3636007,    0.01621852, , 
    0.3652296,    0.01628938, , 
    0.3669252,    0.01635825, , 
    0.3685541,    0.01642974, , 
    0.3702496,    0.01649922, , 
    0.3718786,    0.01657134, , 
    0.3735737,    0.01664148, , 
    0.3752022,    0.01671429, , 
    0.3768974,    0.01678504, , 
     0.378526,    0.01685847, , 
    0.3802211,    0.01692983, , 
    0.3818496,     0.0170039, , 
    0.3835441,    0.01707593, , 
    0.3851721,    0.01715069, , 
    0.3868666,    0.01722332, , 
    0.3884946,    0.01729871, , 
     0.390189,    0.01737196, , 
     0.391817,    0.01744799, , 
    0.3935111,    0.01752189, , 
    0.3951388,    0.01759858, , 
     0.396833,    0.01767309, , 
    0.3984607,     0.0177504, , 
    0.4001548,    0.01782552, , 
    0.4017823,     0.0179035, , 
    0.4034762,    0.01797926, , 
    0.4051551,    0.01805594, , 
    0.4067731,    0.01813528, , 
     0.408462,    0.01821219, , 
    0.4100861,    0.01829193, , 
    0.4117777,    0.01836936, , 
    0.4134034,    0.01844968, , 
    0.4150959,    0.01852768, , 
    0.4167741,    0.01860655, , 
    0.4183908,    0.01868819, , 
    0.4200785,    0.01876733, , 
    0.4217016,    0.01884935, , 
    0.4233924,    0.01892897, , 
    0.4250174,    0.01901154, , 
    0.4267091,    0.01909172, , 
    0.4283347,    0.01917489, , 
    0.4300263,    0.01925571, , 
    0.4317036,    0.01933743, , 
    0.4333201,    0.01942194, , 
    0.4350074,    0.01950385, , 
    0.4366302,    0.01958873, , 
    0.4383206,    0.01967111, , 
    0.4399444,    0.01975661, , 
    0.4416348,    0.01983964, , 
    0.4433112,    0.01992356, , 
    0.4449269,    0.02001034, , 
    0.4466134,    0.02009444, , 
    0.4482354,    0.02018159, , 
    0.4499245,    0.02026621, , 
       0.4516,    0.02035171, , 
    0.4532151,    0.02044012, , 
    0.4549011,    0.02052578, , 
    0.4565224,    0.02061455, , 
    0.4582113,    0.02070071, , 
    0.4598864,    0.02078778, , 
    0.4615005,    0.02087785, , 
    0.4631854,    0.02096513, , 
     0.464806,    0.02105555, , 
     0.466494,    0.02114331, , 
    0.4681679,    0.02123199, , 
    0.4697816,    0.02132366, , 
    0.4714661,    0.02141247, , 
    0.4730862,    0.02150448, , 
    0.4747729,    0.02159383, , 
     0.476446,    0.02168408, , 
    0.4780589,    0.02177737, , 
    0.4797425,    0.02186775, , 
    0.4813619,    0.02196137, , 
    0.4830487,     0.0220522, , 
    0.4847218,    0.02214396, , 
    0.4863344,    0.02223885, , 
    0.4880174,    0.02233079, , 
    0.4896363,    0.02242601, , 
    0.4913226,     0.0225184, , 
    0.4929952,    0.02261172, , 
    0.4946076,    0.02270819, , 
    0.4962898,    0.02280169, , 
    0.4979079,    0.02289854, , 
    0.4995932,    0.02299249, , 
    0.5012649,    0.02308739, , 
    0.5028765,    0.02318547, , 
    0.5045587,    0.02328049, , 
    0.5061763,    0.02337892, , 
    0.5078613,    0.02347442, , 
    0.5095326,    0.02357087, , 
    0.5111439,    0.02367055, , 
    0.5128253,    0.02376713, , 
    0.5144427,    0.02386716, , 
    0.5161272,     0.0239642, , 
    0.5177975,    0.02406225, , 
    0.5194076,    0.02416359, , 
    0.5210881,    0.02426175, , 
    0.5227562,    0.02436081, , 
    0.5243647,    0.02446316, , 
    0.5260442,    0.02456227, , 
      0.52766,    0.02466487, , 
     0.529343,     0.0247644, , 
    0.5310114,    0.02486496, , 
      0.53262,    0.02496886, , 
     0.534299,    0.02506948, , 
    0.5359142,    0.02517366, , 
    0.5375964,    0.02527473, , 
     0.539265,    0.02537677, , 
    0.5408738,    0.02548221, , 
    0.5425525,    0.02558436, , 
    0.5442187,    0.02568746, , 
    0.5458257,    0.02579394, , 
    0.5475035,    0.02589704, , 
    0.5491693,    0.02600106, , 
    0.5507762,    0.02610848, , 
    0.5524531,    0.02621252, , 
    0.5541179,     0.0263175, , 
    0.5557237,    0.02642591, , 
    0.5574005,    0.02653085, , 
    0.5590653,    0.02663673, , 
    0.5606711,    0.02674607, , 
    0.5623473,    0.02685196, , 
    0.5640117,    0.02695877, , 
    0.5656172,    0.02706907, , 
    0.5672931,    0.02717587, , 
    0.5689571,    0.02728362, , 
    0.5705621,    0.02739489, , 
    0.5722377,    0.02750262, , 
     0.573901,    0.02761131, , 
    0.5755051,    0.02772356, , 
    0.5771799,    0.02783222, , 
    0.5788426,    0.02794184, , 
    0.5804462,    0.02805504, , 
    0.5821204,    0.02816462, , 
    0.5837827,    0.02827515, , 
    0.5853864,    0.02838927, , 
    0.5870593,    0.02849979, , 
    0.5887205,    0.02861126, , 
    0.5903231,    0.02872635, , 
    0.5919961,    0.02883775, , 
    0.5936574,    0.02895011, , 
      0.59526,    0.02906612, , 
    0.5969331,    0.02917841, , 
    0.5985939,    0.02929171, , 
    0.6001957,    0.02940869, , 
    0.6018679,    0.02952193, , 
    0.6035284,    0.02963613, , 
    0.6051302,    0.02975404, , 
    0.6068025,    0.02986816, , 
    0.6084622,    0.02998329, , 
     0.610063,    0.03010217, , 
    0.6117342,    0.03021722, , 
    0.6133936,    0.03033326, , 
    0.6149945,    0.03045305, , 
    0.6166654,    0.03056901, , 
    0.6183242,    0.03068598, , 
    0.6199246,    0.03080673, , 
    0.6215952,     0.0309236, , 
    0.6232536,    0.03104149, , 
    0.6248535,     0.0311632, , 
    0.6265234,      0.031281, , 
    0.6281817,     0.0313998, , 
    0.6297811,    0.03152245, , 
    0.6314501,    0.03164118, , 
    0.6331073,    0.03176091, , 
     0.634706,     0.0318845, , 
    0.6363743,    0.03200413, , 
     0.638031,    0.03212477, , 
    0.6396294,    0.03224929, , 
    0.6412977,     0.0323698, , 
     0.642953,    0.03249136, , 
    0.6445501,    0.03261683, , 
    0.6462172,    0.03273825, , 
    0.6478726,    0.03286069, , 
    0.6494697,    0.03298708, , 
    0.6511367,     0.0331094, , 
     0.652792,    0.03323274, , 
    0.6543888,    0.03336006, , 
    0.6560548,     0.0334833, , 
    0.6577093,    0.03360757, , 
    0.6593057,    0.03373583, , 
    0.6609718,    0.03385995, , 
    0.6626263,    0.03398511, , 
    0.6642219,    0.03411431, , 
    0.6658866,    0.03423936, , 
    0.6675398,    0.03436544, , 
     0.669135,    0.03449556, , 
       0.6708,    0.03462148, , 
    0.6724529,    0.03474846, , 
    0.6740475,    0.03487953, , 
    0.6757118,    0.03500637, , 
    0.6773642,    0.03513426, , 
    0.6789584,    0.03526627, , 
    0.6806219,    0.03539402, , 
    0.6822739,    0.03552283, , 
    0.6838679,    0.03565576, , 
    0.6855311,     0.0357844, , 
    0.6871819,    0.03591413, , 
    0.6887748,    0.03604801, , 
    0.6904369,    0.03617756, , 
    0.6920869,    0.03630818, , 
    0.6936792,    0.03644297, , 
     0.695341,     0.0365734, , 
     0.696991,     0.0367049, , 
    0.6985818,    0.03684062, , 
    0.7002419,    0.03697195, , 
    0.7018904,    0.03710436, , 
    0.7034812,    0.03724099, , 
    0.7051413,    0.03737319, , 
    0.7067899,    0.03750647, , 
    0.7083808,    0.03764402, , 
    0.7100405,    0.03777711, , 
    0.7116881,    0.03791131, , 
     0.713278,    0.03804979, , 
    0.7149372,    0.03818378, , 
    0.7165848,    0.03831886, , 
    0.7181749,    0.03845825, , 
    0.7198332,    0.03859312, , 
    0.7214793,    0.03872911, , 
    0.7230681,    0.03886942, , 
    0.7247259,    0.03900518, , 
    0.7263722,    0.03914203, , 
    0.7279606,    0.03928327, , 
    0.7296177,    0.03941993, , 
    0.7312633,    0.03955769, , 
    0.7328509,    0.03969986, , 
    0.7345072,    0.03983742, , 
     0.736152,    0.03997609, , 
    0.7377394,    0.04011918, , 
    0.7393958,    0.04025761, , 
    0.7410402,    0.04039716, , 
    0.7426264,    0.04054118, , 
    0.7442815,    0.04068051, , 
    0.7459245,    0.04082095, , 
    0.7475607,    0.04096216, , 
    0.7491422,    0.04110767, , 
    0.7507945,     0.0412483, , 
    0.7524358,    0.04138999, , 
    0.7540188,    0.04153617, , 
    0.7556708,    0.04167756, , 
    0.7573116,    0.04182006, , 
    0.7588954,    0.04196708, , 
    0.7605478,    0.04210931, , 
    0.7621887,    0.04225268, , 
    0.7637727,    0.04240059, , 
    0.7654247,     0.0425437, , 
    0.7670645,    0.04268796, , 
     0.768698,      0.042833, , 
    0.7702769,    0.04298244, , 
    0.7719264,    0.04312686, , 
    0.7735652,    0.04327237, , 
    0.7751969,    0.04341863, , 
    0.7767739,    0.04356932, , 
    0.7784216,    0.04371492, , 
    0.7800588,     0.0438616, , 
    0.7816901,    0.04400903, , 
    0.7832666,    0.04416093, , 
    0.7849135,     0.0443077, , 
    0.7865496,    0.04445558, , 
    0.7881793,    0.04460421, , 
    0.7897548,    0.04475733, , 
    0.7914008,    0.04490528, , 
    0.7930364,    0.04505433, , 
     0.794666,    0.04520412, , 
    0.7962412,    0.04535844, , 
    0.7978857,    0.04550756, , 
    0.7995199,    0.04565778, , 
    0.8011472,    0.04580875, , 
    0.8027205,    0.04596426, , 
    0.8043638,    0.04611452, , 
    0.8059967,    0.04626589, , 
    0.8076229,    0.04641801, , 
    0.8091942,     0.0465747, , 
    0.8108356,     0.0467261, , 
    0.8124667,    0.04687859, , 
    0.8140919,    0.04703185, , 
    0.8156635,    0.04718972, , 
     0.817305,    0.04734225, , 
    0.8189362,     0.0474959, , 
    0.8205608,    0.04765032, , 
    0.8221313,     0.0478094, , 
    0.8237716,    0.04796309, , 
    0.8254017,     0.0481179, , 
    0.8270259,    0.04827348, , 
    0.8285965,    0.04843374, , 
    0.8302354,    0.04858857, , 
    0.8318636,    0.04874453, , 
    0.8334861,    0.04890125, , 
    0.8351053,    0.04905853, , 
    0.8366722,    0.04922043, , 
    0.8383089,    0.04937678, , 
    0.8399357,    0.04953423, , 
    0.8415562,    0.04969245, , 
    0.8431231,    0.04985541, , 
    0.8447598,    0.05001284, , 
    0.8463863,     0.0501714, , 
    0.8480069,    0.05033074, , 
    0.8496242,    0.05049064, , 
    0.8511888,    0.05065523, , 
    0.8528228,    0.05081417, , 
    0.8544468,     0.0509742, , 
    0.8560643,    0.05113498, , 
    0.8576788,    0.05129631, , 
    0.8592414,    0.05146236, , 
    0.8608744,    0.05162268, , 
    0.8624962,    0.05178411, , 
    0.8641117,    0.05194628, , 
    0.8657242,      0.052109, , 
    0.8672849,    0.05227647, , 
    0.8689159,    0.05243817, , 
    0.8705372,    0.05260099, , 
     0.872153,    0.05276458, , 
    0.8737655,    0.05292873, , 
    0.8753255,    0.05309768, , 
    0.8769551,    0.05326081, , 
    0.8785751,    0.05342506, , 
    0.8801896,    0.05359007, , 
    0.8818009,    0.05375565, , 
    0.8833606,    0.05392607, , 
    0.8849882,    0.05409059, , 
    0.8866063,    0.05425623, , 
    0.8882188,    0.05442264, , 
    0.8898282,    0.05458962, , 
    0.8914355,    0.05475704, , 
    0.8930411,    0.05492485, , 
    0.8945956,    0.05509746, , 
    0.8962203,    0.05526403, , 
    0.8978357,    0.05543171, , 
    0.8994459,    0.05560014, , 
     0.901053,    0.05576913, , 
    0.9026584,    0.05593855, , 
    0.9042129,    0.05611286, , 
    0.9058365,    0.05628109, , 
      0.90745,    0.05645043, , 
    0.9090574,    0.05662052, , 
    0.9106613,    0.05679116, , 
    0.9122636,    0.05696223, , 
    0.9138649,    0.05713367, , 
    0.9154657,    0.05730545, , 
    0.9170143,    0.05748206, , 
    0.9186332,    0.05765246, , 
    0.9202432,    0.05782396, , 
     0.921848,    0.05799622, , 
    0.9234498,    0.05816904, , 
      0.92505,     0.0583423, , 
    0.9266491,    0.05851594, , 
    0.9281984,    0.05869453, , 
    0.9298165,    0.05886685, , 
    0.9314252,     0.0590403, , 
    0.9330287,    0.05921452, , 
    0.9346292,     0.0593893, , 
     0.936228,    0.05956452, , 
    0.9378253,    0.05974011, , 
    0.9394202,    0.05991601, , 
    0.9410149,    0.06009221, , 
    0.9426096,     0.0602687, , 
     0.944204,    0.06044548, , 
    0.9457975,    0.06062255, , 
    0.9473901,     0.0607999, , 
    0.9489819,    0.06097754, , 
    0.9505738,    0.06115544, , 
    0.9521657,    0.06133363, , 
    0.9537574,    0.06151209, , 
    0.9553491,    0.06169083, , 
    0.9569408,    0.06186985, , 
    0.9585325,    0.06204915, , 
    0.9601226,    0.06222872, , 
    0.9617122,    0.06240855, , 
    0.9633004,    0.06258861, , 
    0.9648888,    0.06276895, , 
    0.9664773,    0.06294956, , 
    0.9680659,    0.06313044, , 
    0.9696533,    0.06331157, , 
    0.9712391,    0.06349294, , 
     0.972825,    0.06367457, , 
    0.9744109,    0.06385648, , 
     0.975997,    0.06403865, , 
    0.9775831,    0.06422111, , 
    0.9791692,    0.06440384, , 
    0.9807553,    0.06458685, , 
    0.9823413,    0.06477014, , 
    0.9839256,     0.0649537, , 
    0.9855101,    0.06513752, , 
    0.9870946,    0.06532162, , 
     0.988679,      0.065506, , 
    0.9902634,    0.06569065, , 
    0.9918463,    0.06587554, , 
    0.9934281,    0.06606068, , 
    0.9950101,    0.06624609, , 
    0.9965922,    0.06643177, , 
    0.9981742,    0.06661771, , 
    0.9997545,    0.06680393, , 
     1.001334,    0.06699042, , 
     1.002913,    0.06717717, , 
     1.004492,    0.06736418, , 
     1.006071,    0.06755147, , 
      1.00765,    0.06773902, , 
     1.009229,    0.06792686, , 
     1.010808,    0.06811497, , 
     1.012387,    0.06830335, , 
     1.013964,    0.06849197, , 
      1.01554,    0.06868081, , 
     1.017116,     0.0688699, , 
     1.018691,    0.06905925, , 
     1.020267,    0.06924887, , 
     1.021843,    0.06943875, , 
     1.023416,    0.06962883, , 
     1.024988,    0.06981915, , 
     1.026561,    0.07000973, , 
     1.028134,    0.07020058, , 
     1.029707,    0.07039169, , 
      1.03128,    0.07058309, , 
     1.032853,    0.07077475, , 
     1.034426,    0.07096669, , 
     1.035998,    0.07115889, , 
     1.037569,    0.07135134, , 
      1.03914,    0.07154406, , 
     1.040711,    0.07173705, , 
     1.042282,     0.0719303, , 
     1.043853,    0.07212382, , 
     1.045421,    0.07231754, , 
      1.04699,    0.07251151, , 
     1.048558,    0.07270574, , 
     1.050126,    0.07290024, , 
     1.051693,    0.07309499, , 
     1.053258,    0.07328998, , 
     1.054823,    0.07348522, , 
     1.056388,    0.07368072, , 
     1.057953,    0.07387648, , 
     1.059519,    0.07407251, , 
     1.061084,    0.07426882, , 
     1.062649,    0.07446539, , 
     1.064214,    0.07466224, , 
     1.065778,    0.07485933, , 
      1.06734,    0.07505662, , 
     1.068901,    0.07525411, , 
     1.070463,    0.07545186, , 
     1.072024,    0.07564987, , 
     1.073585,    0.07584814, , 
     1.075145,    0.07604661, , 
     1.076702,    0.07624526, , 
      1.07826,    0.07644416, , 
     1.079818,    0.07664332, , 
     1.081376,    0.07684274, , 
     1.082934,    0.07704243, , 
     1.084492,    0.07724239, , 
      1.08605,    0.07744261, , 
     1.087608,     0.0776431, , 
     1.089165,    0.07784382, , 
     1.090721,    0.07804479, , 
     1.092277,    0.07824602, , 
     1.093833,    0.07844751, , 
     1.095389,    0.07864927, , 
     1.096943,    0.07885123, , 
     1.098496,    0.07905339, , 
     1.100049,    0.07925579, , 
     1.101601,    0.07945845, , 
     1.103153,    0.07966134, , 
     1.104702,    0.07986445, , 
     1.106251,    0.08006781, , 
     1.107801,    0.08027141, , 
      1.10935,    0.08047527, , 
       1.1109,    0.08067939, , 
     1.112449,    0.08088378, , 
     1.113999,    0.08108843, , 
     1.115548,    0.08129334, , 
     1.117098,    0.08149853, , 
     1.118644,    0.08170387, , 
     1.120188,    0.08190937, , 
     1.121733,     0.0821151, , 
     1.123277,    0.08232108, , 
     1.124822,    0.08252731, , 
     1.126366,    0.08273376, , 
     1.127906,    0.08294032, , 
     1.129447,    0.08314712, , 
     1.130988,    0.08335417, , 
     1.132529,    0.08356147, , 
     1.134071,    0.08376903, , 
     1.135612,    0.08397685, , 
     1.137153,    0.08418494, , 
     1.138694,    0.08439329, , 
     1.140235,    0.08460187, , 
     1.141773,    0.08481067, , 
     1.143312,    0.08501971, , 
     1.144851,    0.08522901, , 
      1.14639,    0.08543855, , 
     1.147927,    0.08564831, , 
     1.149462,    0.08585821, , 
     1.150997,    0.08606833, , 
     1.152532,     0.0862787, , 
     1.154066,     0.0864893, , 
     1.155597,    0.08670007, , 
     1.157128,    0.08691107, , 
     1.158659,     0.0871223, , 
      1.16019,    0.08733378, , 
     1.161721,    0.08754551, , 
     1.163252,     0.0877575, , 
     1.164784,    0.08796974, , 
     1.166315,    0.08818225, , 
     1.167846,    0.08839501, , 
     1.169375,    0.08860795, , 
     1.170901,    0.08882096, , 
     1.172427,    0.08903419, , 
     1.173953,    0.08924765, , 
     1.175479,    0.08946136, , 
     1.177004,    0.08967529, , 
     1.178526,    0.08988926, , 
     1.180048,    0.09010346, , 
      1.18157,    0.09031788, , 
     1.183092,    0.09053256, , 
     1.184614,    0.09074748, , 
     1.186136,    0.09096266, , 
     1.187658,    0.09117809, , 
     1.189181,    0.09139378, , 
     1.190703,    0.09160972, , 
     1.192222,    0.09182582, , 
      1.19374,    0.09204213, , 
     1.195259,    0.09225868, , 
     1.196778,    0.09247548, , 
     1.198297,    0.09269252, , 
     1.199812,     0.0929096, , 
     1.201326,    0.09312689, , 
      1.20284,     0.0933444, , 
     1.204353,    0.09356211, , 
     1.205864,    0.09377997, , 
     1.207374,    0.09399803, , 
     1.208884,    0.09421632, , 
     1.210395,    0.09443485, , 
     1.211905,    0.09465363, , 
     1.213416,    0.09487265, , 
     1.214926,    0.09509193, , 
     1.216437,    0.09531145, , 
     1.217947,    0.09553123, , 
     1.219457,    0.09575121, , 
     1.220961,    0.09597114, , 
     1.222465,    0.09619128, , 
     1.223969,    0.09641164, , 
     1.225474,    0.09663224, , 
     1.226978,    0.09685303, , 
     1.228478,     0.0970738, , 
     1.229977,    0.09729477, , 
     1.231477,    0.09751596, , 
     1.232977,    0.09773739, , 
     1.234478,    0.09795906, , 
     1.235976,    0.09818093, , 
     1.237474,      0.098403, , 
     1.238972,     0.0986253, , 
      1.24047,    0.09884784, , 
     1.241966,    0.09907052, , 
     1.243461,    0.09929339, , 
     1.244957,    0.09951648, , 
     1.246452,    0.09973981, , 
     1.247947,    0.09996338, , 
     1.249438,     0.1001869, , 
     1.250929,     0.1004107, , 
     1.252419,     0.1006346, , 
     1.253907,     0.1008587, , 
     1.255394,      0.101083, , 
     1.256879,     0.1013074, , 
     1.258365,      0.101532, , 
     1.259851,     0.1017569, , 
     1.261337,      0.101982, , 
     1.262823,     0.1022073, , 
     1.264309,     0.1024329, , 
     1.265795,     0.1026587, , 
     1.267281,     0.1028848, , 
     1.268766,      0.103111, , 
     1.270244,     0.1033372, , 
     1.271723,     0.1035635, , 
     1.273202,       0.10379, , 
     1.274682,     0.1040168, , 
     1.276159,     0.1042436, , 
     1.277632,     0.1044704, , 
     1.279106,     0.1046974, , 
     1.280579,     0.1049246, , 
     1.282052,      0.105152, , 
     1.283525,     0.1053796, , 
     1.284998,     0.1056074, , 
     1.286471,     0.1058355, , 
     1.287944,     0.1060638, , 
     1.289417,     0.1062924, , 
     1.290888,     0.1065211, , 
     1.292357,     0.1067499, , 
     1.293827,      0.106979, , 
     1.295297,     0.1072082, , 
     1.296766,     0.1074377, , 
     1.298231,     0.1076671, , 
     1.299695,     0.1078967, , 
     1.301157,     0.1081264, , 
     1.302617,     0.1083562, , 
     1.304077,     0.1085861, , 
     1.305535,     0.1088162, , 
     1.306993,     0.1090465, , 
     1.308451,      0.109277, , 
     1.309909,     0.1095077, , 
     1.311368,     0.1097386, , 
     1.312826,     0.1099698, , 
     1.314284,     0.1102012, , 
     1.315743,     0.1104329, , 
     1.317198,     0.1106645, , 
     1.318648,     0.1108961, , 
     1.320098,     0.1111277, , 
     1.321591,     0.1113529, , 
     1.323024,     0.1115878, , 
     1.324458,     0.1118213, , 
     1.325894,     0.1120541, , 
     1.327333,     0.1122867, , 
     1.328774,     0.1125193, , 
     1.330216,     0.1127519, , 
     1.331658,     0.1129847, , 
     1.333101,     0.1132177, , 
     1.334543,     0.1134509, , 
     1.335985,     0.1136843, , 
     1.337428,     0.1139179, , 
     1.338868,     0.1141516, , 
     1.340349,     0.1143786, , 
     1.341769,     0.1146154, , 
     1.343198,     0.1148513, , 
     1.344629,     0.1150866, , 
       1.3461,     0.1153144, , 
      1.34751,     0.1155518, , 
     1.348928,      0.115788, , 
      1.35035,     0.1160236, , 
     1.351772,     0.1162587, , 
     1.353237,     0.1164869, , 
     1.354644,     0.1167248, , 
     1.356059,     0.1169617, , 
     1.357478,      0.117198, , 
     1.358942,     0.1174272, , 
     1.360349,     0.1176661, , 
     1.361763,     0.1179039, , 
     1.363179,      0.118141, , 
     1.364595,     0.1183776, , 
     1.366046,     0.1186067, , 
      1.36744,     0.1188455, , 
     1.368842,     0.1190832, , 
     1.370247,     0.1193201, , 
     1.371688,     0.1195494, , 
     1.373074,     0.1197883, , 
     1.374469,     0.1200261, , 
     1.375868,     0.1202633, , 
     1.377311,     0.1204932, , 
     1.378697,      0.120733, , 
     1.380092,     0.1209716, , 
     1.381492,     0.1212096, , 
     1.382934,     0.1214404, , 
     1.384321,      0.121681, , 
     1.385713,     0.1219203, , 
     1.387148,     0.1221518, , 
     1.388529,      0.122393, , 
     1.389917,      0.122633, , 
     1.391306,     0.1228719, , 
     1.392692,     0.1231101, , 
     1.394079,     0.1233481, , 
     1.395429,     0.1235925, , 
     1.396832,     0.1238277, , 
     1.398189,     0.1240703, , 
     1.399594,     0.1243046, , 
     1.400955,     0.1245469, , 
     1.402361,     0.1247813, , 
     1.403755,     0.1250172, , 
     1.405143,     0.1252542, , 
     1.406528,     0.1254919, , 
     1.407908,     0.1257298, , 
     1.409285,     0.1259679, , 
     1.410658,      0.126206, , 
     1.412027,      0.126444, , 
     1.413396,     0.1266822, , 
     1.414763,     0.1269203, , 
     1.416086,     0.1271645, , 
     1.417425,     0.1274059, , 
     1.418774,     0.1276458, , 
     1.420096,     0.1278906, , 
     1.421466,     0.1281269, , 
     1.422801,     0.1283698, , 
     1.424177,     0.1286054, , 
     1.425516,      0.128848, , 
     1.426894,     0.1290837, , 
     1.428234,     0.1293265, , 
     1.429612,     0.1295625, , 
     1.430948,     0.1298054, , 
      1.43232,     0.1300412, , 
     1.433654,     0.1302843, , 
     1.435025,     0.1305203, , 
     1.436349,     0.1307628, , 
     1.437709,     0.1309983, , 
      1.43903,     0.1312409, , 
     1.440332,      0.131487, , 
      1.44163,     0.1317342, , 
     1.442946,      0.131977, , 
     1.444271,      0.132218, , 
     1.445601,     0.1324582, , 
     1.446934,     0.1326983, , 
     1.448267,     0.1329383, , 
       1.4496,     0.1331785, , 
     1.450929,     0.1334183, , 
     1.452256,      0.133658, , 
     1.453583,     0.1338979, , 
     1.454904,     0.1341373, , 
     1.456223,     0.1343767, , 
      1.45754,     0.1346158, , 
     1.458846,     0.1348541, , 
     1.460153,     0.1350924, , 
     1.461423,     0.1353384, , 
     1.462699,     0.1355833, , 
     1.463994,     0.1358245, , 
     1.465295,     0.1360645, , 
       1.4666,     0.1363041, , 
     1.467905,     0.1365437, , 
     1.469211,     0.1367835, , 
     1.470517,     0.1370234, , 
     1.471821,     0.1372634, , 
     1.473125,     0.1375036, , 
     1.474421,     0.1377433, , 
     1.475718,     0.1379831, , 
     1.477015,      0.138223, , 
     1.478297,     0.1384617, , 
     1.479564,     0.1387028, , 
     1.480801,     0.1389492, , 
     1.482065,       0.13919, , 
     1.483337,     0.1394293, , 
     1.484609,     0.1396681, , 
     1.485878,     0.1399066, , 
     1.487147,     0.1401452, , 
     1.488416,     0.1403839, , 
     1.489686,     0.1406228, , 
     1.490948,     0.1408609, , 
     1.492203,      0.141098, , 
     1.493458,     0.1413352, , 
     1.494713,     0.1415726, , 

